{"cameraMode":{"drawMode":0,"name":"Shaded","section":"Shading Mode"},"sceneLighting":false,"audioPlay":false,"sceneViewState":{"m_AlwaysRefresh":false,"showFog":true,"showSkybox":true,"showFlares":true,"showImageEffects":true,"showParticleSystems":true,"showVisualEffectGraphs":true,"m_FxEnabled":true},"in2DMode":false,"pivot":{"x":-3.8841443061828615,"y":21.658510208129884,"z":-3.133962631225586},"rotation":{"x":0.005639445036649704,"y":0.7608054876327515,"z":0.006611916236579418,"w":-0.6489220857620239},"size":2.2245309352874758,"orthographic":false}